"thesauri/place/Seattle, Washington, United States"
"thesauri/place/Fraser, Colorado, United States"
"thesauri/place/Boston, Massachusetts, United States"
"thesauri/place/Plainfield, New Jersey, United States"
"thesauri/place/New York, New York, United States"
"thesauri/place/New York, New York, United States"
"thesauri/place/San Francisco, California, United States"
"thesauri/place/Towson, Maryland, United States"
"thesauri/place/New York, New York, United States"
"thesauri/place/District of Columbia, Washington, United States"
"thesauri/place/Gallup, New Mexico, United States"
"thesauri/place/Cortland, New York, United States"
"thesauri/place/Indianapolis, Indiana, United States"
"thesauri/place/Virginia, United States"
"thesauri/place/West Salem, North Carolina, United States"
"thesauri/place/Boston, Massachusetts, United States"
"thesauri/place/Leeds, England"
"thesauri/place/England"
"thesauri/place/Greenville, Mississippi, United States"
"thesauri/place/Grandin, North Dakota, United States"
"thesauri/place/Detroit, Michigan, United States"
"thesauri/place/Amherst, Massachusetts, United States"
"thesauri/place/Falls Church, Virginia, United States"
"thesauri/place/Norwalk, Connecticut, United States"
"thesauri/place/Tampa, Florida, United States"
"thesauri/place/Cotati, California, United States"
"thesauri/place/Great Falls, Montana, United States"
"thesauri/place/Berkeley, California, United States"
"thesauri/place/New York, New York, United States"
"thesauri/place/Rome, Italy"
"thesauri/place/Madison, Wisconsin, United States"
"thesauri/place/Georgia, United States"
"thesauri/place/Mount Pleasant, South Carolina, United States"
"thesauri/place/Arthur, Illinois, United States"
"thesauri/place/Amarillo, Texas, United States"
"thesauri/place/Oakland, Illinois, United States"
"thesauri/place/Westport, California, United States"
"thesauri/place/Chicago, Illinois, United States"
"thesauri/place/Hartford, Connecticut, United States"
"thesauri/place/New York, New York, United States"
"thesauri/place/Cour-Cheverny, Loire-et-Cher, France"
"thesauri/place/Freeport, Maine, United States"
"thesauri/place/Madison, Wisconsin, United States"
"thesauri/place/Weaverville, North Carolina, United States"
"thesauri/place/Trondheim, Norway"
"thesauri/place/Seattle, Washington, United States"
"thesauri/place/New York, New York, United States"
"thesauri/place/Los Angeles, California, United States"
"thesauri/place/Baltimore, Maryland, United States"
"thesauri/place/Gotha, Germany"
"thesauri/place/Livermore, California, United States"
"thesauri/place/Cincinnati, Ohio, United States"
"thesauri/place/Tesuque, New Mexico, United States"
"thesauri/place/Chicago, Illinois, United States"
"thesauri/place/San Francisco, California, United States"
"thesauri/place/Pennsylvania, United States"
"thesauri/place/Courtland, Kansas, United States"
"thesauri/place/Lexington, Massachusetts, United States"
"thesauri/place/Paris, France"
"thesauri/place/New York, New York, United States"
"thesauri/place/Hat Creek, California, United States"
"thesauri/place/New York, New York, United States"
"thesauri/place/Pennsylvania, United States"
"thesauri/place/New York, New York, United States"
"thesauri/place/Halifax, Nova Scotia, Canada"
"thesauri/place/Santa Fe, New Mexico, United States"
"thesauri/place/Kilwinning, Scotland"
"thesauri/place/New Orleans, Louisiana, United States"
"thesauri/place/Provincetown, Massachusetts, United States"
"thesauri/place/Arlington, Vermont, United States"
"thesauri/place/Quebec, Quebec, Canada"
"thesauri/place/Canton, China"
"thesauri/place/Taos, New Mexico, United States"
"thesauri/place/Kansas City, Missouri, United States"
"thesauri/place/New Orleans, Louisiana, United States"
"thesauri/place/Albuquerque, New Mexico, United States"
"thesauri/place/Springfield, Massachusetts, United States"
"thesauri/place/Cadmus, Michigan, United States"
"thesauri/place/Honolulu, Hawaii, United States"
"thesauri/place/Devon, England"
"thesauri/place/Naples, Florida, United States"
"thesauri/place/Philadelphia, Pennsylvania, United States"
"thesauri/place/Bozeman, Montana, United States"
"thesauri/place/New York, New York, United States"
"thesauri/place/Jackson, Michigan, United States"
"thesauri/place/Arbois, France"
"thesauri/place/San Francisco, California, United States"
"thesauri/place/Canton, New York, United States"
"thesauri/place/Dusseldorf, Germany"
"thesauri/place/Glendale, California, United States"
"thesauri/place/Norfolk, Connecticut, United States"
"thesauri/place/Wakefield, Massachusetts, United States"
"thesauri/place/Puerto Rico"
"thesauri/place/Peconic, New York, United States"
"thesauri/place/New York, New York, United States"
"thesauri/place/San Francisco, California, United States"
"thesauri/place/New York, New York, United States"
"thesauri/place/New York, New York, United States"
"thesauri/place/New York, United States"
"thesauri/place/Cassopolis, Michigan, United States"
"thesauri/place/Hagerstown, Maryland, United States"
"thesauri/place/New York, New York, United States"
"thesauri/place/Rockport, Massachusetts, United States"
"thesauri/place/New York, New York, United States"
"thesauri/place/Washington, District of Columbia, United States"
"thesauri/place/Bellefonte, Pennsylvania, United States"
"thesauri/place/Budapest, Austria-Hungary"
"thesauri/place/Ammerland, Germany"
"thesauri/place/San Francisco, California, United States"
"thesauri/place/Dorset, Vermont, United States"
"thesauri/place/San Francisco, California, United States"
"thesauri/place/Berkeley, California, United States"
"thesauri/place/New York, New York, United States"
"thesauri/place/Beaumont, California, United States"
"thesauri/place/New York, New York, United States"
"thesauri/place/Muskegon, Michigan, United States"
"thesauri/place/San Germ√°n, Puerto Rico"
"thesauri/place/Los Angeles, California, United States"
"thesauri/place/New York, New York, United States"
"thesauri/place/London, England"
"thesauri/place/Ardsley, New York, United States"
"thesauri/place/Litchfield, Connecticut, United States"
"thesauri/place/Vienna, Austria"
"thesauri/place/New York, New York, United States"
"thesauri/place/Sausalito, California, United States"
"thesauri/place/Amarillo, Texas, United States"
"thesauri/place/Camden, New Jersey, United States"
"thesauri/place/Charlottesville, Virginia, United States"
"thesauri/place/Virginia, United States"
"thesauri/place/Portland, Maine, United States"
"thesauri/place/Berneck, Germany"
"thesauri/place/Cragsmoor, New York, United States"
"thesauri/place/Woodstock, New York, United States"
"thesauri/place/Cow Springs, Arizona, United States"
"thesauri/place/Philadelphia, Pennsylvania, United States"
"thesauri/place/New York, New York, United States"
"thesauri/place/Brownstown, Pennsylvania, United States"
"thesauri/place/Bridgeport, Connecticut, United States"
"thesauri/place/Shikoko Island, Japan"
"thesauri/place/Riga, Latvia"
"thesauri/place/Minneapolis, Minnesota, United States"
"thesauri/place/North Chatham, Massachusetts, United States"
"thesauri/place/Costa Mesa, California, United States"
"thesauri/place/Bremen, Germany"
"thesauri/place/Evanston, Illinois, United States"
"thesauri/place/Port Byron, New York, United States"
"thesauri/place/New York, New York, United States"
"thesauri/place/Summit, New Jersey, United States"
"thesauri/place/Los Angeles, California, United States"
"thesauri/place/New York, New York, United States"
"thesauri/place/Watertown, Massachusetts, United States"
"thesauri/place/Annville, Pennsylvania, United States"
"thesauri/place/Brussels, Belgium"
"thesauri/place/Pennsylvania, United States"
"thesauri/place/Philadelphia, Pennsylvania, United States"
"thesauri/place/Eagle Rock, California, United States"
"thesauri/place/Columbus, Georgia, United States"
"thesauri/place/Port Chester, New York, United States"
"thesauri/place/Chicago, Illinois, United States"
"thesauri/place/Rockport, Massachusetts, United States"
"thesauri/place/New York, New York, United States"
"thesauri/place/Philadelphia, Pennsylvania, United States"
"thesauri/place/Hartford, Connecticut, United States"
"thesauri/place/New York, New York, United States"
"thesauri/place/Cleveland Heights, Ohio, United States"
"thesauri/place/Berkeley, California, United States"
"thesauri/place/Bolton, England"
"thesauri/place/New York, New York, United States"
"thesauri/place/New York, New York, United States"
"thesauri/place/San Francisco, California, United States"
"thesauri/place/Los Angeles, California, United States"
"thesauri/place/Philadelphia, Pennsylvania, United States"
"thesauri/place/New York, New York, United States"
"thesauri/place/Rochester, New York, United States"
"thesauri/place/San Francisco, California, United States"
"thesauri/place/Boston, Massachusetts, United States"
"thesauri/place/Santa Barbara, California, United States"
"thesauri/place/Wieliczka, Poland"
"thesauri/place/Mount Vernon, New York, United States"
"thesauri/place/New York, New York, United States"
"thesauri/place/New York, New York, United States"
"thesauri/place/New York, New York, United States"
"thesauri/place/Cameron Orchard, West Virginia, United States"
"thesauri/place/New York, New York, United States"
"thesauri/place/San Francisco, California"
"thesauri/place/Sharon, Pennsylvania, United States"
"thesauri/place/Boston, Massachusetts, United States"
"thesauri/place/Cleveland, Ohio, United States"
"thesauri/place/London, England"
"thesauri/place/Boulogne-sur-Seine, France"
"thesauri/place/Monterey, California, United States"
"thesauri/place/Mexico City, New Spain"
"thesauri/place/New York, New York, United States"
"thesauri/place/Nashville, Tennessee, United States"
"thesauri/place/Omaha, Nebraska, United States"
"thesauri/place/Philadelphia, Pennsylvania, United States"
"thesauri/place/New York, New York, United States"
"thesauri/place/Dothan, Alabama, United States"
"thesauri/place/New York, New York, United States"
"thesauri/place/Chicago, Illinois, United States"