"Withers, L."
"Lakenya,Edison"
"Brendan,Hage"
"Lango, B."
"Rudolf,Akiyama"
"Constable, L."
"Ghoston, M."
"Hornak, S."
"Micha,Junkin"
"Quashie, J."
"Babiarz, V."
"Dermody, T."
"Hopkins, C."
"Halpern, K."
"Phillip,Rowden"
"Neil, E."
"Eccleston, K."
"Georgina,Brescia"
"Miah, B."
"Jeanice,Soderstrom"
"Jurgens, M."
"Bogle, A."
"Joaquin,Clasen"
"Richert, S."
"Malissa,Marcus"
"Partida, A."
"Mulloy, T."
"Carlene,Garrard"
"Melodi,Chism"
"Bess,Chilcott"
"Chong,Aylward"
"Ramthun, J."
"Jacquiline,Heintz"
"Irwin,Covelli"
"Montiel, G."
"Stefany,Reily"
"Mcgaughey, R."
"Cruz,Latimore"
"Casler, M."
"Gregori, A."