"Launa,Withers"
"Brendan,Hage"
"Lango Bradford"
"Lara,Constable"
"Junkin Micha"
"Teddy,Bobo"
"Coralee,Scalia"
"Quashie Jeff"
"Babiarz Vena"
"Karrie,Lain"
"Tobias,Dermody"
"Hopkins Celsa"
"Halpern Kimberley"
"Rowden Phillip"
"Lashanda,Cortes"
"Eccleston Kathlyn"
"Georgina,Brescia"
"Miah Beata"
"Seamons Desiree"
"Soderstrom Jeanice"
"Jurgens Mariel"
"Alida,Bogle"
"Joaquin,Clasen"
"Alaina,Partida"
"Mulloy Trinidad"
"Garrard Carlene"
"Chism Melodi"
"Chilcott Bess"
"Aylward Chong"
"Ramthun Jani"
"Marquess Hayley"
"Andria,Spagnoli"
"Irwin,Covelli"
"Montiel Gertude"
"Stefany,Reily"
"Rae,Mcgaughey"
"Casler Maryann"
"Gregori Annalisa"
"Jenee,Pannell"